DOI,Название статьи,Аннотация,Начало эксперимента,Конец эксперимента,Геопозиция (страна и город с вшитыми координатами),Площадь прототипа (м^2),Коэффициент эквивалентности земли по биомассе,Коэффициент эквивалентности земли по урожайности,Открытость участка,Гигрометрия почвы,Неоднородность почвы,Культура,Расстояние между рядами посадки (м),Покрытие поверхности земли по вертикали,Тип СБ,Ориентация СБ (гр. на юг),Угол наклона СБ (гр.),Шаг между СБ (м),Высота над землей (м),Расстояние между рядами (м),ФАР (отн. нормальной),Горизонтальное глобальное облучение (кВт*ч/м^2/год),Горизонтальное глобальное облучение (кВт*ч/м^2/день),Эффективное глобальное облучение (кВт*ч/м^2/год) - на плоскости коллектора,Падающее глобальное облучение (кВт*ч/м^2),Удельная производительность (Вт/м^2),Полная производительность (кВт),Годовая выработка электроэнергии (кВт*ч/год),Удельная выработка электроэнергии (кВт*ч/(кВт(пик)*год),Сухое вещество,Урожайность,Снижение эвапотранспирации,Изменение влажности почвы,Изменение температуры почвы (гр.),Изменение температуры воздуха (гр.),Примечание,source_id,source_url,source_row,Article Title,Abstract,Beginning of the experiment,End of the experiment,Geolocation (country and city with embedded coordinates),Total_Land_Area_ha,Land_Use_Type,Forestry_to_Agriculture_Ratio,Woody_Species,Woody_Biomass_Yield_tDM_ha,Woody_Relative_Yield_vs_Monoculture_%,Agricultural_Crop,Crop_Yield_tDM_ha,Crop_Relative_Yield_vs_Monoculture_%,PV_System_Type,PV_Power_Density_kWp_ha,PV_Electricity_Yield_kWh_kWp,LCOE_ct_kWh,Tilt_Angle_deg,Orientation,Height_Above_Ground_m,Row_Spacing_m,Shading_Rate_%,Land_Loss_due_to_PV_%,Relative_Field_Yield_RFY_%,Biomass_Cost_EUR_tDM,Land_Equivalent_Ratio_LER,Optimal_Solution_Found,Cost_Reduction_Threshold_for_Competitiveness_%,Yield_Increase_Threshold_for_Competitiveness_%,Biodiversity_Impact,Soil_Protection_Benefit,Non_Monetized_Benefits,Notes,Water body type,Water surface area (m^2),Aquatic organism,Aquaculture production (t/ha),PV model,PV installation type,PV power (kWp),Tilt angle (deg),Azimuth angle (deg),Height above water (m),Coverage ratio,PV area (m^2),PV density (kWp/ha),GHI (kWh/(m2_year)),Specific yield (kWh/kWp),Annual energy output (MWh),Performance Gain vs Land,Water evaporation reduction,Water quality monitoring,Shading impact on organism,Types of energy use,LER_Food_Energy
10.1016/j.rser.2017.05.191,,,,,,,,,,,,,,,,,,,,,,,,,,,,,,,,,,,,,aquaculture,https://docs.google.com/spreadsheets/d/e/2PACX-1vSdqh15EIG4xIACOBaFtWbKamveCBj7QVPq2vkyVhjk0_F5mrrlRqMJROWCXXkKDr3aBzqA3GCNNHyt/pub?output=csv,8,Aquavoltaics: Synergies for dual use of water area for solar photovoltaic electricity generation and aquaculture,"Bodies of water provide essentials for both human society as well as natural ecosystems. To expand the
services these water provide, hybrid food-energy-water systems can be designed. This paper reviews
the fields of floatovoltaic (FV) technology (water deployed solar photovoltaic systems) and aquaculture
(farming of aquatic organisms) to investigate the potential of hybrid floatovoltaic-aquaculture
synergistic applications for improving food-energy-water nexus sustainability. The primary motivation
for combining electrical energy generation with aquaculture is to promote the dual use of water, which
has historically high unused potential. Recent advances in FV technology using both pontoon and thin
film structures provides significant flexibility in deployment in a range of water systems. Solar
generated electricity provides off-grid aquaculture potential. In addition, several other symbiotic
relationships are considered including an increase in power conversion efficiency due to the cooling
and cleaning of module surfaces , a reduction in water surface evaporation rates, ecosystem
redevelopment, and improved fish growth rates through integrated designs using FV-powered pumps to
control oxygenation levels as well as LED lighting. The potential for a solar photovoltaic-aquaculture
or aquavoltaic ecology was found to be promising. If a U.S. national average value of solar flux is used
then current aquaculture surface areas in use, if incorporated with appropriate solar technology could
account for 10.3% of total U.S. energy consumption as of 2016.",,,USA,,,,,,,,,,,,,,,,,,,,,,,,,,,,,"FPV structures can act as artificial reefs and fish aggregation devices (FADs), potentially helping to re-seed declining coral reefs and encourage the reemergence of endangered species. FPVs can also provide a barrier to aerial predation. This is a review paper, not an experimental study. It introduces the concept of 'aquavoltaics' and summarizes the potential synergies and challenges of combining FPV and aquaculture. Quantitative data (e.g., GHI_kWh_m2_year, Performance_Gain_vs_Land_%) are examples cited from other studies. The paper highlights the potential for FPV to provide off-grid energy for aquaculture, control water environment (oxygenation, photoperiod), and contribute to ecosystem restoration. It also discusses challenges like light competition/shading and biofouling. A key calculation shows that current US freshwater aquaculture areas could generate up to 10.3% of US energy consumption if combined with FPV. 5-22 (Range of increased power production due to cooling); 5 (Thin-film); 11 (Submerged at 4-6cm depth); 18 (Submerged at 4cm); 17.8 (Submerged at 1cm); 11 (100kW floating farm vs 1MW land farm over a year); 30 (FTCC annual efficiency increase); 60-70 (FTCC with mirrors vs conventional fixed-ground)","Reservoir, Pond, Coastal marine area",,"Fish, Crustaceans, Mollusks, Shellfish (mussels, oysters), Seaweeds (e.g., Gracilaria), Aquatic plants","10,5","Crystallized silicon (c-Si), Amorphous silicon (a-Si) thin-film","Thin-film floating, Pontoon, Submersible,  FTCC",,30,,,,,,1750,,,"13,5%",80%,"Temperature, pH, Salinity, Turbidity, Nutrients, Dissolved Oxygen","Can decrease algal growth, plant life, and microorganism density if uncontrolled; potential negative impact on fish intended for farming if food chain is impacted","FV-powered water pumping systems can manipulate oxygenation zones. LED can be installed on the bottom of pontoon structures, powered by PV, to manipulate photoperiod, control fish behavior, and promote algae/plant growth; potential use for antifouling.",
10.1016/j.jenvman.2022.116410,,,,,,,,,,,,,,,,,,,,,,,,,,,,,,,,,,,,,aquaculture,https://docs.google.com/spreadsheets/d/e/2PACX-1vSdqh15EIG4xIACOBaFtWbKamveCBj7QVPq2vkyVhjk0_F5mrrlRqMJROWCXXkKDr3aBzqA3GCNNHyt/pub?output=csv,11,Floating solar panels on reservoirs impact phytoplankton populations: A modelling experiment,"Floating solar photovoltaic (FPV) deployments are increasing globally as the switch to renewable energy intensifies, representing a considerable water surface transformation. FPV installations can potentially impact
aquatic ecosystem function, either positively or negatively. However, these impacts are poorly resolved given the
challenges of collecting empirical data for field or modelling experiments. In particular, there is limited evidence
on the response of phytoplankton to changes in water body thermal dynamics and light climate with FPV. Given
the importance of understanding phytoplankton biomass and species composition for managing ecosystem services, we use an uncertainty estimation approach to simulate the effect of FPV coverage and array siting location
on a UK reservoir. FPV coverage was modified in 10% increments from a baseline with 0% coverage to 100%
coverage for three different FPV array siting locations based on reservoir circulation patterns. Results showed
that FPV coverage significantly impacted thermal properties, resulting in highly variable impacts on phytoplankton biomass and species composition. The impacts on phytoplankton were often dependent on array siting
location as well as surface coverage. Changes to phytoplankton species composition were offset by the decrease
in phytoplankton biomass associated with increasing FPV coverage. We identified that similar phytoplankton
biomass reductions could be achieved with less FPV coverage by deploying the FPV array on the water body’s
faster-flowing area than the central or slower flowing areas. The difference in response dependent on siting
location could be used to tailor phytoplankton management in water bodies. Simulation of water body-FPV
interactions efficiently using an uncertainty approach is an essential tool to rapidly develop understanding
and ultimately inform FPV developers and water body managers looking to minimise negative impacts and
maximise co-benefits",01.01.2018,31.12.2018,Queen Elizabeth II Centre,,,,,,,,,,,,,,,,,,,,,,,,,,,,,"FPV deployment could have profound ecological impacts on higher trophic levels (zooplankton, fish) due to reduced primary production. The study suggests FPV could be used as a tool for water body management to reduce phytoplankton blooms, but with potential negative consequences for aquatic life. This is a modelling study using the MyLake model with an uncertainty estimation approach (GLUE) to simulate the impact of FPV coverage (0-100% in 10% increments) and siting location (fast-flowing, slow-flowing, central areas) on the QEII reservoir. The study uses data from 2018. It finds that FPV generally reduces phytoplankton biomass and alters species composition towards diatom dominance, with siting location significantly affecting the magnitude of the impact. The model assumes that FPV reduces incoming solar radiation by 94%, wind speed by 95%, and warms air temperature by 8% between the water surface and the module.",Reservoir,1280000,"Phytoplankton (diatoms, cyanobacteria, green algae)",,,Pontoon,6300,,,,"4,5%",57600,"49,22",,,,,,"Water temperature, total chlorophyll-a, phytoplankton species composition (diatoms, cyanobacteria, green algae), stratification patterns (mixed depth, onset, overturn, duration)","Reduced phytoplankton biomass and changes in species composition (increased diatom dominance) due to reduced light and cooler water temperatures. At low coverage (10-30%) on the slower-flowing tank, some simulations showed a temporary increase in phytoplankton biomass.",,
10.1016/j.renene.2025.122554,,,,,,,,,,,,,,,,,,,,,,,,,,,,,,,,,,,,,aquaculture,https://docs.google.com/spreadsheets/d/e/2PACX-1vSdqh15EIG4xIACOBaFtWbKamveCBj7QVPq2vkyVhjk0_F5mrrlRqMJROWCXXkKDr3aBzqA3GCNNHyt/pub?output=csv,12,Green hydrogen production and prediction using floating photovoltaic panels on wastewater ponds,"Air pollution and water scarcity have grown to be global catastrophes. One promising renewable energy source that can help with both of these issues is the floating photovoltaic (FPV) system, particularly when paired with a clean hydrogen generation system. The present study employed an artificial neural network (ANN) model to predict the hydrogen output of an electrolysis process powered by a floating PV system. The Yazd wastewater pond, which experiences seasonal and annual variations in water level, was chosen as the site for this study. The pond is located in the north of Yazd city, in the center of Iran, in a dry and desert area. The amount of electrical energy and hydrogen that can be produced by the system was estimated with the help of PVsyst and Homer software. The model's input data consisted of meteorological and solar radiation data retrieved from NASA, Meteonorm, and local airport meteorological services databases. The model's inputs were the independent variables. The output of the model in the curve fitting part of model development, which was carried out in MATLAB, was the pond's surface area. In terms of prediction accuracy, the Levenberg-Marquardt approach performed the best of all the techniques used to train the ANN model. The electricity output of the FPV system on the Yazd wastewater pond from 2024 to 2028 was estimated. The estimated hydrogen outputs vary from a minimum of 2361 tons in December 2024 to 3626 tons in November 2028.",01.01.2024,31.12.2028,Yazd,,,,,,,,,,,,,,,,,,,,,,,,,,,,,"This is a modelling and prediction study for a proposed FPV system on a wastewater pond in Yazd, Iran, with the primary goal of producing green hydrogen via electrolysis. The study uses an Artificial Neural Network (ANN) model to predict pond surface area changes and, consequently, FPV electricity and hydrogen output from 2024 to 2028. The optimal ANN structure had 9 inputs, 35 hidden nodes, and 1 output, achieving an MSE of 4.73E-20 and R² of 0.9999. The study estimates that an FPV system covering the entire pond could power 13,137 hydrogen production modules, producing 23,476 tons of hydrogen annually. Predicted monthly hydrogen output ranges from 2361 tons (Dec 2024) to 3626 tons (Nov 2028). The research notes potential co-benefits of reduced algae, insects, and odors.",Pond,,"Phytoplankton and algae are discussed as part of the ecosystem, but not cultivated",,105 Wp,Pontoon,"31,5",,,,100%,,,,"5783,7","182,186",11%,90%,"Not monitored, but the study suggests FPV reduces algae growth and unpleasant odors around the pond",Reduction in algae growth due to less sunlight; positive effect on controlling insects around the sewage pond.,,
10.1007/s11356-022-18930-8,,,,,,,,,,,,,,,,,,,,,,,,,,,,,,,,,,,,,aquaculture,https://docs.google.com/spreadsheets/d/e/2PACX-1vSdqh15EIG4xIACOBaFtWbKamveCBj7QVPq2vkyVhjk0_F5mrrlRqMJROWCXXkKDr3aBzqA3GCNNHyt/pub?output=csv,14,Physical analysis of the environmental impacts of fishery complementary photovoltaic power plant,"Photovoltaic (PV) power plants have shown rapid development in the renewable sector, but the research areas have mainly included land installations, and the study of fishery complementary photovoltaic (FPV) power plants has been comparatively less. Moreover, the mechanism of local microclimate changes caused by FPV panels has not been reported. This work revealed this mechanism using a physical model to illustrate the impact of FPV power plants in a lake on the environment. The results indicated that the lake becomes a heat sink after deploying the PV panel on water. The comprehensive albedo (0.082) decreased by 18.8% relative to the free water surface (0.101). The water energy change was dominated by the water–air vapor pressure deficit. In addition, the FPV panels had a heating effect on the ambient environment; however, the range of this effect was related to the water depth. The installation had an obvious heating effect on surface water.",01.06.2020,01.10.2020,Jiang Su Sheng Zhen Jiang Shi Yang Zhong Shi Lian He Cun Cun Wei Hui Cheng Shi Dian Dong Qi Che Chong Dian Zhan,,,,,,,,,,,,,,,,,,,,,,,,,,,,,"The study notes that FPV facilities will block sunlight, which can inhibit algae growth, thereby improving the aquatic environment and water quality. The PV array had a heating effect on ambient temperature (average 0.16°C higher inside PV plant), but the effect on water temperature varied with depth and season. This study presents a physical model to analyze the environmental impacts of a fishery complementary photovoltaic (FPV) power plant on a lake. Key findings include: the comprehensive albedo of the FPV-deployed area (0.082) was 18.8% lower than the free water surface (0.101); the lake becomes a heat sink after PV installation; water energy changes are dominated by the water-air vapor pressure deficit; and the PV panels have a heating effect on the ambient environment, but the range of this effect is related to water depth. The study used data from two meteorological towers (inside and outside the FPV plant) from June to October 2020.",Pond,118000,Fish,, Polysilicon,Elevated fixed-tilt on reinforced concrete columns,10000,"34,6",0,,75%,,,,,,,," Water temperature (at 0.05 m, 0.75 m, and 1.5 m depth)","Can inhibit algae growth by blocking sunlight, thereby improving aquatic environment and water quality. The shading effect on water temperature was observed, with inside PV water temperature lower than outside in summer (July-September), and higher in October.",,
10.1016/j.seta.2021.101849,,,,,,,,,,,,,,,,,,,,,,,,,,,,,,,,,,,,,aquaculture,https://docs.google.com/spreadsheets/d/e/2PACX-1vSdqh15EIG4xIACOBaFtWbKamveCBj7QVPq2vkyVhjk0_F5mrrlRqMJROWCXXkKDr3aBzqA3GCNNHyt/pub?output=csv,15,Predicting effect of floating photovoltaic power plant on water loss through surface evaporation for wastewater pond using artificial intelligence: A case study,"Crises related to water scarcity and air pollution are major problems in the world today. An important issue regarding wasting of the water is surface evaporation from reservoirs. If the surface of the pond is shaded, evaporation is largely prevented. The use of solar panels on surface of water, simultaneously reduces water evaporation and increases the efficiency of electricity generation. In this study, an artificial intelligence method is used to investigate the effect of a floating photovoltaic system on water loss through surface evaporation in a wastewater pond. The nominated studied case is the Yazd wastewater pond near the city of Yazd in central Iran, the water level of which varies for different months. Amounts of evaporation are measured using the Penman-Monteith method. The simulation is performed with all independent variables used as inputs of the neural network, and the pond’s surface area as the dependent variable. After performing sensitivity analysis, the results show that the network with the best structure for predicting water level is the one built with 9 inputs, 35 hidden neurons, and 1 output, which achieve a mean square error of 4.64658E − 20 and correlation coefficient of 0.999. The predictions show that the surface area of the pond will reach its highest level, 322 ha, in November 2025. Between 2021 and 2025, the evaporation reduction due to the PV system will vary from 272.7 ha in January 2021 to 413.9 ha in November 2025. Overall, the floating PV system will reduce evaporation from the pond by up to 70%.",01.01.2021,31.12.2025,Yazd,,,,,,,,,,,,,,,,,,,,,,,,,,,,,"This is a modelling and prediction study for a proposed FPV system on a wastewater pond in Yazd, Iran, with the primary goal of quantifying evaporation reduction. The study uses an Artificial Neural Network (ANN) model to predict pond surface area changes from 2021 to 2025. The optimal ANN structure had 9 inputs, 35 hidden nodes, and 1 output, achieving an MSE of 4.65E-20 and R² of 0.99998. The study estimates that covering the pond with FPV would shade 90.2% of its surface, reduce annual evaporation by 70% (saving 3.25 million m³ of water per year), and generate 25.82 MWh per year for each 60-module system (20.70 kWp). The research notes potential co-benefits of reduced algae and odors.",Pond,"2248464,4","Phytoplankton and algae are discussed as part of the ecosystem, but not cultivated",,SunPower (345 W modules),Pontoon,"20,7",10,0,"0,225","90,2%","97,8",,"2035,5","1247,3","25,82",,70%,,,,
10.1038/s41598-024-56952-z,,,,,,,,,,,,,,,,,,,,,,,,,,,,,,,,,,,,,aquaculture,https://docs.google.com/spreadsheets/d/e/2PACX-1vSdqh15EIG4xIACOBaFtWbKamveCBj7QVPq2vkyVhjk0_F5mrrlRqMJROWCXXkKDr3aBzqA3GCNNHyt/pub?output=csv,16,PV to reduce evaporative losses in the channels of the São Francisco’s River water transposition project,"Open water transposition channels in hot and arid regions, like those in the São Francisco River Integration Project (PISF) in Brazil, suffer significant water losses through evaporation. This paper proposes covering these channels with photovoltaic (PV) panels to reduce evaporation while simultaneously generating clean energy. The research aims to quantify water savings and energy generation potential across all channel lengths and assess whether the generated solar power can substitute grid electricity for powering the transposition pumps during peak hours, thereby enhancing energy efficiency. This study analyzed the state-of-the-art of PV generation and calculated their solar potential. Identified the specific characteristics of PISF channels and watercourses considering the regional geography, meteorology, irradiation, and social peculiarities. And, finally, assessed the feasibility of covering the watercourses with solar panels. The results reveal that covering all current PISF channels with PV panels could save up to 25,000 cubic meters of water per day, significantly contributing to water security and improving the quality of life for the local population. Additionally, the project could generate 1200 gigawatt-hours of electricity annually, meeting the energy demands of the transposition pumps during peak hours and promoting energy efficiency within the project. This research paves the way for utilizing PV technology to address water scarcity challenges and enhance the sustainability of water infrastructure projects in arid regions worldwide.",,,Brazil,,,,,,,,,,,,,,,,,,,,,,,,,,,,,"This study proposes covering the channels of the Sao Francisco River Integration Project (PISF) in Brazil with PV panels to reduce evaporation losses and generate clean energy. The artificial channels account for only 5% of the total water surface but contribute to 16% of total water loss. Covering all 450 km of channels could save up to 25% of water loss (approx. 25,000 m³/day) and generate 1,180 GWh/year from 500 MWp of installed capacity. The paper also discusses socio-environmental aspects including potential for aquaculture (fishing farms) in the channels, job creation, impacts on water quality, and visual impacts. Floating PV is proposed for the reservoirs which make up 90% of the water surface. The estimated CAPEX for channel coverage is ~4,500 BRL/kWp.","Reservoir, Canals, Riverbeds",6313495,Fish,,"Not specified, but typical for large-scale installations","Elevated fixed-tilt on reinforced concrete columns, Thin-film floating",500000,"12,5",0,,,5000000,1000,"1965,16",2360,1180000,15%,"22,5%"," Dissolved Oxygen, algae concentration, nutrients, phosphorus, pH, alkalinity, total dissolved solids, electric conductivity ","May affect algae concentration and dissolved oxygen. In ponds with fish (carp), fish preferred shaded water under PV arrays, increasing the shoal. No harmful effects on aquatic fauna reported from shading. Fishing farms can be introduced as a new aquaculture activity.",,
10.1016/j.rineng.2026.110075,,,,,,,,,,,,,,,,,,,,,,,,,,,,,,,,,,,,,aquaculture,https://docs.google.com/spreadsheets/d/e/2PACX-1vSdqh15EIG4xIACOBaFtWbKamveCBj7QVPq2vkyVhjk0_F5mrrlRqMJROWCXXkKDr3aBzqA3GCNNHyt/pub?output=csv,19,Theoretical modeling and performance evaluation of a marine aquavoltaic system in the northern part of Iran,"This study presents the theoretical modeling and performance evaluation of a marine aquavoltaic system that integrates a 196 kW floating photovoltaic (FPV) installation with Salmo salar cage aquaculture in the Gomishan region of the Iranian Caspian Sea. The objective is to assess the technical feasibility and economic viability of dual-use marine infrastructure for simultaneous food and energy production. Site selection was conducted using MODIS and SMOS satellite datasets processed through SeaDAS to evaluate the sea surface temperature, chlorophyll-a concentration, and salinity across Iranian coastal waters. A techno-biological growth model was applied using the FinFish Aquaculture Tool to simulate fish production, while PV performance was modeled in PVsyst, considering marine cooling effects and thermal losses. Economic evaluation was performed using net present value (NPV), internal rate of return (IRR), payback period (PBP), and benefit-to-cost ratio (BCR) indicators based on RETScreen and Excel cash flow analysis. The results indicated an annual electricity yield of 300.86 MWh and annual fish production of 498.48 kg per cycle. The FPV subsystem achieved a PBP of 5.2 years and an IRR of 24.71%, whereas the aquaculture subsystem exhibited a PBP of 1.4 years and an IRR of 84.24%. The overall BCR confirmed economic feasibility under current tariff conditions. The findings demonstrate that marine-based aquavoltaic deployment using CIGS thin-film technology is technically viable and economically competitive in temperate coastal environments.",01.01.2020,01.01.2021,Gomishan,,,,,,,,,,,,,,,,,,,,,,,,,,,,,"This is a theoretical modeling and feasibility study, not an experimental deployment. It uniquely combines CIGS thin-film FPV with cold-water marine salmon aquaculture in the Caspian Sea. All performance data (energy yield, fish production) are from simulations (PVsyst, FinFish Aquaculture Tool), not real-world measurements. The integrated system's economic indicators (NPV, IRR, PBP) are modeled for a 20-year lifetime. The fish production (498.48 kg/cycle) appears relatively low (~500 kg per year from 6 cages of 600 m³ each, which is very low stocking density compared to commercial salmon farming).",Coastal marine area,1416,Salmo salar (Atlantic salmon),"3,52",TSMC Solar TS-150C1,Thin-film floating,196,0,0,0,100%,1416,"1384,18",2000,1535,"300,86",,,"Not directly monitored. The study used satellite data (MODIS, SMOS) for sea surface temperature, chlorophyll-a, and salinity for site selection, but not for post-deployment water quality monitoring","The study does not assess shading impact. It states FPV panels are placed in the 1000m gap between cages to avoid interference. Cage depth and fish requirements are discussed (temperature, density), but not shading effects on the fish.","Based on the article, the primary energy use is grid export: the 196 kWp floating PV system sells 300.86 MWh annually to the Iranian national grid under a feed-in tariff. The system does not use PV electricity to directly power aquaculture operations (aeration, pumping, etc.). Instead, passive water cooling improves panel efficiency, adding ~13.55 MWh/year. No energy storage, LED lighting, or on-site self-consumption is described.",
10.1016/j.egyr.2024.06.059,,,,,,,,,,,,,,,,,,,,,,,,,,,,,,,,,,,,,aquaculture,https://docs.google.com/spreadsheets/d/e/2PACX-1vSdqh15EIG4xIACOBaFtWbKamveCBj7QVPq2vkyVhjk0_F5mrrlRqMJROWCXXkKDr3aBzqA3GCNNHyt/pub?output=csv,20,A geographic information system-assisted techno-economic assessment framework for aquavoltaic systems in shrimp farming,"Aquavoltaic systems have garnered significant global interest as a solution to the land use conflicts posed by traditional photovoltaic (PV) systems while simultaneously offering benefits within the food–energy nexus. This study proposes a geographic information system (GIS)-assisted framework designed to determine the optimal techno-economic size and potential of aquavoltaic systems in shrimp farming. A GIS is employed to extract spatial information from shrimp ponds, including their locations and areas. Meteorological data pertinent to these locations are utilized as inputs for a PV-generation model. Additionally, optimal aerator operations, based on pond area and farmers’ expectations, are determined to create accurate load profiles. Two objectives are established: (1) to identify the optimal aquavoltaic system size considering different system configurations (grid-connected, grid-connected with battery energy storage [BES], and standalone with BES) and (2) to quantify the potential of aquavoltaic systems with varying pond coverage (10%, 20%, and 30%). The proposed framework is validated using real-world data from shrimp farming regions in Thailand. The results indicate that the grid-connected aquavoltaic system is the most preferable configuration, with installed PV capacities varying between 2.78 kWp and 144 kWp, and net present values (NPVs) ranging from –$12,728 to $2,627 per pond. In this configuration, only 2.6% of the pond area is utilized for PV installations. Furthermore, aquavoltaic systems with 30% coverage can significantly boost installed PV capacity by up to 1.32 MWp and the NPV by up to $2.31 billion, contributing to the district’s agricultural electricity consumption by approximately 25%. Remarkably, the results reveal that the proposed framework can enhance NPV by up to 4.41% compared to those of existing studies that do not consider spatial data and aerator requirements. This GIS-assisted framework offers a comprehensive and optimized strategy for implementing aquavoltaic systems in shrimp farming, highlighting substantial economic and sustainability benefits.",,,Bang Pakong District,,,,,,,,,,,,,,,,,,,,,,,,,,,,,"NPV = -7,404 USD. Optimal configuration for this pond (least negative). No battery storage. Only 2.6% of pond area used for PV.",Pond,9700,Pacific white shrimp Litopenaeus vannamei,7,Jinko Solar,Pontoon,97,15,0,0,"2,6%","195,1",100,1807,1500,"145,5",,,,,"Aeration (primary), Grid sales (excess), Grid purchase (deficit)",
10.1016/j.egyr.2024.06.059,,,,,,,,,,,,,,,,,,,,,,,,,,,,,,,,,,,,,aquaculture,https://docs.google.com/spreadsheets/d/e/2PACX-1vSdqh15EIG4xIACOBaFtWbKamveCBj7QVPq2vkyVhjk0_F5mrrlRqMJROWCXXkKDr3aBzqA3GCNNHyt/pub?output=csv,21,A geographic information system-assisted techno-economic assessment framework for aquavoltaic systems in shrimp farming,"Aquavoltaic systems have garnered significant global interest as a solution to the land use conflicts posed by traditional photovoltaic (PV) systems while simultaneously offering benefits within the food–energy nexus. This study proposes a geographic information system (GIS)-assisted framework designed to determine the optimal techno-economic size and potential of aquavoltaic systems in shrimp farming. A GIS is employed to extract spatial information from shrimp ponds, including their locations and areas. Meteorological data pertinent to these locations are utilized as inputs for a PV-generation model. Additionally, optimal aerator operations, based on pond area and farmers’ expectations, are determined to create accurate load profiles. Two objectives are established: (1) to identify the optimal aquavoltaic system size considering different system configurations (grid-connected, grid-connected with battery energy storage [BES], and standalone with BES) and (2) to quantify the potential of aquavoltaic systems with varying pond coverage (10%, 20%, and 30%). The proposed framework is validated using real-world data from shrimp farming regions in Thailand. The results indicate that the grid-connected aquavoltaic system is the most preferable configuration, with installed PV capacities varying between 2.78 kWp and 144 kWp, and net present values (NPVs) ranging from –$12,728 to $2,627 per pond. In this configuration, only 2.6% of the pond area is utilized for PV installations. Furthermore, aquavoltaic systems with 30% coverage can significantly boost installed PV capacity by up to 1.32 MWp and the NPV by up to $2.31 billion, contributing to the district’s agricultural electricity consumption by approximately 25%. Remarkably, the results reveal that the proposed framework can enhance NPV by up to 4.41% compared to those of existing studies that do not consider spatial data and aerator requirements. This GIS-assisted framework offers a comprehensive and optimized strategy for implementing aquavoltaic systems in shrimp farming, highlighting substantial economic and sustainability benefits.",,,Bang Pakong District,,,,,,,,,,,,,,,,,,,,,,,,,,,,,"NPV = -1,834 USD. Optimal configuration for this pond.",Pond,6540,Pacific white shrimp Litopenaeus vannamei,7,Jinko Solar,Pontoon,44,15,0,0,"2,6%","88,5","67,27828746",1807,1500,66,,,,,"Aeration (primary), Grid sales (excess), Grid purchase (deficit)",
10.1016/j.egyr.2024.06.059,,,,,,,,,,,,,,,,,,,,,,,,,,,,,,,,,,,,,aquaculture,https://docs.google.com/spreadsheets/d/e/2PACX-1vSdqh15EIG4xIACOBaFtWbKamveCBj7QVPq2vkyVhjk0_F5mrrlRqMJROWCXXkKDr3aBzqA3GCNNHyt/pub?output=csv,22,A geographic information system-assisted techno-economic assessment framework for aquavoltaic systems in shrimp farming,"Aquavoltaic systems have garnered significant global interest as a solution to the land use conflicts posed by traditional photovoltaic (PV) systems while simultaneously offering benefits within the food–energy nexus. This study proposes a geographic information system (GIS)-assisted framework designed to determine the optimal techno-economic size and potential of aquavoltaic systems in shrimp farming. A GIS is employed to extract spatial information from shrimp ponds, including their locations and areas. Meteorological data pertinent to these locations are utilized as inputs for a PV-generation model. Additionally, optimal aerator operations, based on pond area and farmers’ expectations, are determined to create accurate load profiles. Two objectives are established: (1) to identify the optimal aquavoltaic system size considering different system configurations (grid-connected, grid-connected with battery energy storage [BES], and standalone with BES) and (2) to quantify the potential of aquavoltaic systems with varying pond coverage (10%, 20%, and 30%). The proposed framework is validated using real-world data from shrimp farming regions in Thailand. The results indicate that the grid-connected aquavoltaic system is the most preferable configuration, with installed PV capacities varying between 2.78 kWp and 144 kWp, and net present values (NPVs) ranging from –$12,728 to $2,627 per pond. In this configuration, only 2.6% of the pond area is utilized for PV installations. Furthermore, aquavoltaic systems with 30% coverage can significantly boost installed PV capacity by up to 1.32 MWp and the NPV by up to $2.31 billion, contributing to the district’s agricultural electricity consumption by approximately 25%. Remarkably, the results reveal that the proposed framework can enhance NPV by up to 4.41% compared to those of existing studies that do not consider spatial data and aerator requirements. This GIS-assisted framework offers a comprehensive and optimized strategy for implementing aquavoltaic systems in shrimp farming, highlighting substantial economic and sustainability benefits.",,,Bang Pakong District,,,,,,,,,,,,,,,,,,,,,,,,,,,,,NPV = -276 USD. Optimal configuration for this pond (closest to breakeven).,Pond,4760,Pacific white shrimp Litopenaeus vannamei,7,Jinko Solar,Pontoon,24,15,0,0,"2,6%","48,3","50,42016807",1807,1500,36,,,,,"Aeration (primary), Grid sales (excess), Grid purchase (deficit)",
10.1016/j.egyr.2024.06.059,,,,,,,,,,,,,,,,,,,,,,,,,,,,,,,,,,,,,aquaculture,https://docs.google.com/spreadsheets/d/e/2PACX-1vSdqh15EIG4xIACOBaFtWbKamveCBj7QVPq2vkyVhjk0_F5mrrlRqMJROWCXXkKDr3aBzqA3GCNNHyt/pub?output=csv,23,A geographic information system-assisted techno-economic assessment framework for aquavoltaic systems in shrimp farming,"Aquavoltaic systems have garnered significant global interest as a solution to the land use conflicts posed by traditional photovoltaic (PV) systems while simultaneously offering benefits within the food–energy nexus. This study proposes a geographic information system (GIS)-assisted framework designed to determine the optimal techno-economic size and potential of aquavoltaic systems in shrimp farming. A GIS is employed to extract spatial information from shrimp ponds, including their locations and areas. Meteorological data pertinent to these locations are utilized as inputs for a PV-generation model. Additionally, optimal aerator operations, based on pond area and farmers’ expectations, are determined to create accurate load profiles. Two objectives are established: (1) to identify the optimal aquavoltaic system size considering different system configurations (grid-connected, grid-connected with battery energy storage [BES], and standalone with BES) and (2) to quantify the potential of aquavoltaic systems with varying pond coverage (10%, 20%, and 30%). The proposed framework is validated using real-world data from shrimp farming regions in Thailand. The results indicate that the grid-connected aquavoltaic system is the most preferable configuration, with installed PV capacities varying between 2.78 kWp and 144 kWp, and net present values (NPVs) ranging from –$12,728 to $2,627 per pond. In this configuration, only 2.6% of the pond area is utilized for PV installations. Furthermore, aquavoltaic systems with 30% coverage can significantly boost installed PV capacity by up to 1.32 MWp and the NPV by up to $2.31 billion, contributing to the district’s agricultural electricity consumption by approximately 25%. Remarkably, the results reveal that the proposed framework can enhance NPV by up to 4.41% compared to those of existing studies that do not consider spatial data and aerator requirements. This GIS-assisted framework offers a comprehensive and optimized strategy for implementing aquavoltaic systems in shrimp farming, highlighting substantial economic and sustainability benefits.",,,Bang Pakong District,,,,,,,,,,,,,,,,,,,,,,,,,,,,,"NPV = -7,445 USD. BES capacity = 1 kWh (minimum selected by HOMER). Slightly worse than Experiment 1 due to battery cost.",Pond,9700,Pacific white shrimp Litopenaeus vannamei,7,Jinko Solar,Pontoon,97,15,0,0,"2,6%","195,1",100,1807,1500,"145,5",,,,,"Aeration (primary), Battery charging (excess storage), Battery discharging (nighttime aeration), Grid sales (excess after battery), Grid purchase (deficit after battery)",
10.1016/j.egyr.2024.06.059,,,,,,,,,,,,,,,,,,,,,,,,,,,,,,,,,,,,,aquaculture,https://docs.google.com/spreadsheets/d/e/2PACX-1vSdqh15EIG4xIACOBaFtWbKamveCBj7QVPq2vkyVhjk0_F5mrrlRqMJROWCXXkKDr3aBzqA3GCNNHyt/pub?output=csv,24,A geographic information system-assisted techno-economic assessment framework for aquavoltaic systems in shrimp farming,"Aquavoltaic systems have garnered significant global interest as a solution to the land use conflicts posed by traditional photovoltaic (PV) systems while simultaneously offering benefits within the food–energy nexus. This study proposes a geographic information system (GIS)-assisted framework designed to determine the optimal techno-economic size and potential of aquavoltaic systems in shrimp farming. A GIS is employed to extract spatial information from shrimp ponds, including their locations and areas. Meteorological data pertinent to these locations are utilized as inputs for a PV-generation model. Additionally, optimal aerator operations, based on pond area and farmers’ expectations, are determined to create accurate load profiles. Two objectives are established: (1) to identify the optimal aquavoltaic system size considering different system configurations (grid-connected, grid-connected with battery energy storage [BES], and standalone with BES) and (2) to quantify the potential of aquavoltaic systems with varying pond coverage (10%, 20%, and 30%). The proposed framework is validated using real-world data from shrimp farming regions in Thailand. The results indicate that the grid-connected aquavoltaic system is the most preferable configuration, with installed PV capacities varying between 2.78 kWp and 144 kWp, and net present values (NPVs) ranging from –$12,728 to $2,627 per pond. In this configuration, only 2.6% of the pond area is utilized for PV installations. Furthermore, aquavoltaic systems with 30% coverage can significantly boost installed PV capacity by up to 1.32 MWp and the NPV by up to $2.31 billion, contributing to the district’s agricultural electricity consumption by approximately 25%. Remarkably, the results reveal that the proposed framework can enhance NPV by up to 4.41% compared to those of existing studies that do not consider spatial data and aerator requirements. This GIS-assisted framework offers a comprehensive and optimized strategy for implementing aquavoltaic systems in shrimp farming, highlighting substantial economic and sustainability benefits.",,,Bang Pakong District,,,,,,,,,,,,,,,,,,,,,,,,,,,,,"NPV = -154,480 USD. BES capacity = 160 kWh. Worst economic outcome. Large battery required for nighttime aeration.",Pond,9700,Pacific white shrimp Litopenaeus vannamei,7,Jinko Solar,Pontoon,224,15,0,0,6%,"450,6","230,9278351",1807,1500,336,,,,,"Aeration (primary), Battery charging (daytime storage), Battery discharging (nighttime aeration). No grid interaction.",
10.1016/j.egyr.2024.06.059,,,,,,,,,,,,,,,,,,,,,,,,,,,,,,,,,,,,,aquaculture,https://docs.google.com/spreadsheets/d/e/2PACX-1vSdqh15EIG4xIACOBaFtWbKamveCBj7QVPq2vkyVhjk0_F5mrrlRqMJROWCXXkKDr3aBzqA3GCNNHyt/pub?output=csv,25,A geographic information system-assisted techno-economic assessment framework for aquavoltaic systems in shrimp farming,"Aquavoltaic systems have garnered significant global interest as a solution to the land use conflicts posed by traditional photovoltaic (PV) systems while simultaneously offering benefits within the food–energy nexus. This study proposes a geographic information system (GIS)-assisted framework designed to determine the optimal techno-economic size and potential of aquavoltaic systems in shrimp farming. A GIS is employed to extract spatial information from shrimp ponds, including their locations and areas. Meteorological data pertinent to these locations are utilized as inputs for a PV-generation model. Additionally, optimal aerator operations, based on pond area and farmers’ expectations, are determined to create accurate load profiles. Two objectives are established: (1) to identify the optimal aquavoltaic system size considering different system configurations (grid-connected, grid-connected with battery energy storage [BES], and standalone with BES) and (2) to quantify the potential of aquavoltaic systems with varying pond coverage (10%, 20%, and 30%). The proposed framework is validated using real-world data from shrimp farming regions in Thailand. The results indicate that the grid-connected aquavoltaic system is the most preferable configuration, with installed PV capacities varying between 2.78 kWp and 144 kWp, and net present values (NPVs) ranging from –$12,728 to $2,627 per pond. In this configuration, only 2.6% of the pond area is utilized for PV installations. Furthermore, aquavoltaic systems with 30% coverage can significantly boost installed PV capacity by up to 1.32 MWp and the NPV by up to $2.31 billion, contributing to the district’s agricultural electricity consumption by approximately 25%. Remarkably, the results reveal that the proposed framework can enhance NPV by up to 4.41% compared to those of existing studies that do not consider spatial data and aerator requirements. This GIS-assisted framework offers a comprehensive and optimized strategy for implementing aquavoltaic systems in shrimp farming, highlighting substantial economic and sustainability benefits.",,,Bang Pakong District,,,,,,,,,,,,,,,,,,,,,,,,,,,,,"NPV: 53,071 USD",Pond,9700,Pacific white shrimp Litopenaeus vannamei,7,Jinko Solar,Pontoon,177,15,0,0,10%,970,"182,4742268",1807,1500,"265,5",,,,,"Aeration (primary), Grid sales (excess). No battery. Grid purchase occurs during deficits (implied, though NPV is positive so excess generation dominates).",
10.1016/j.egyr.2024.06.059,,,,,,,,,,,,,,,,,,,,,,,,,,,,,,,,,,,,,aquaculture,https://docs.google.com/spreadsheets/d/e/2PACX-1vSdqh15EIG4xIACOBaFtWbKamveCBj7QVPq2vkyVhjk0_F5mrrlRqMJROWCXXkKDr3aBzqA3GCNNHyt/pub?output=csv,26,A geographic information system-assisted techno-economic assessment framework for aquavoltaic systems in shrimp farming,"Aquavoltaic systems have garnered significant global interest as a solution to the land use conflicts posed by traditional photovoltaic (PV) systems while simultaneously offering benefits within the food–energy nexus. This study proposes a geographic information system (GIS)-assisted framework designed to determine the optimal techno-economic size and potential of aquavoltaic systems in shrimp farming. A GIS is employed to extract spatial information from shrimp ponds, including their locations and areas. Meteorological data pertinent to these locations are utilized as inputs for a PV-generation model. Additionally, optimal aerator operations, based on pond area and farmers’ expectations, are determined to create accurate load profiles. Two objectives are established: (1) to identify the optimal aquavoltaic system size considering different system configurations (grid-connected, grid-connected with battery energy storage [BES], and standalone with BES) and (2) to quantify the potential of aquavoltaic systems with varying pond coverage (10%, 20%, and 30%). The proposed framework is validated using real-world data from shrimp farming regions in Thailand. The results indicate that the grid-connected aquavoltaic system is the most preferable configuration, with installed PV capacities varying between 2.78 kWp and 144 kWp, and net present values (NPVs) ranging from –$12,728 to $2,627 per pond. In this configuration, only 2.6% of the pond area is utilized for PV installations. Furthermore, aquavoltaic systems with 30% coverage can significantly boost installed PV capacity by up to 1.32 MWp and the NPV by up to $2.31 billion, contributing to the district’s agricultural electricity consumption by approximately 25%. Remarkably, the results reveal that the proposed framework can enhance NPV by up to 4.41% compared to those of existing studies that do not consider spatial data and aerator requirements. This GIS-assisted framework offers a comprehensive and optimized strategy for implementing aquavoltaic systems in shrimp farming, highlighting substantial economic and sustainability benefits.",,,Bang Pakong District,,,,,,,,,,,,,,,,,,,,,,,,,,,,,"NPV: 159,873 USD",Pond,9700,Pacific white shrimp Litopenaeus vannamei,7,Jinko Solar,Pontoon,354,15,0,0,20%,1940,"364,9484536",1807,1500,531,,,,,"Aeration (primary), Grid sales (excess). No battery. Grid purchase occurs during deficits (implied, though NPV is positive so excess generation dominates).",
10.1016/j.egyr.2024.06.059,,,,,,,,,,,,,,,,,,,,,,,,,,,,,,,,,,,,,aquaculture,https://docs.google.com/spreadsheets/d/e/2PACX-1vSdqh15EIG4xIACOBaFtWbKamveCBj7QVPq2vkyVhjk0_F5mrrlRqMJROWCXXkKDr3aBzqA3GCNNHyt/pub?output=csv,27,A geographic information system-assisted techno-economic assessment framework for aquavoltaic systems in shrimp farming,"Aquavoltaic systems have garnered significant global interest as a solution to the land use conflicts posed by traditional photovoltaic (PV) systems while simultaneously offering benefits within the food–energy nexus. This study proposes a geographic information system (GIS)-assisted framework designed to determine the optimal techno-economic size and potential of aquavoltaic systems in shrimp farming. A GIS is employed to extract spatial information from shrimp ponds, including their locations and areas. Meteorological data pertinent to these locations are utilized as inputs for a PV-generation model. Additionally, optimal aerator operations, based on pond area and farmers’ expectations, are determined to create accurate load profiles. Two objectives are established: (1) to identify the optimal aquavoltaic system size considering different system configurations (grid-connected, grid-connected with battery energy storage [BES], and standalone with BES) and (2) to quantify the potential of aquavoltaic systems with varying pond coverage (10%, 20%, and 30%). The proposed framework is validated using real-world data from shrimp farming regions in Thailand. The results indicate that the grid-connected aquavoltaic system is the most preferable configuration, with installed PV capacities varying between 2.78 kWp and 144 kWp, and net present values (NPVs) ranging from –$12,728 to $2,627 per pond. In this configuration, only 2.6% of the pond area is utilized for PV installations. Furthermore, aquavoltaic systems with 30% coverage can significantly boost installed PV capacity by up to 1.32 MWp and the NPV by up to $2.31 billion, contributing to the district’s agricultural electricity consumption by approximately 25%. Remarkably, the results reveal that the proposed framework can enhance NPV by up to 4.41% compared to those of existing studies that do not consider spatial data and aerator requirements. This GIS-assisted framework offers a comprehensive and optimized strategy for implementing aquavoltaic systems in shrimp farming, highlighting substantial economic and sustainability benefits.",,,Bang Pakong District,,,,,,,,,,,,,,,,,,,,,,,,,,,,,"NPV: 266,963 USD",Pond,9700,Pacific white shrimp Litopenaeus vannamei,7,Jinko Solar,Pontoon,531,15,0,0,30%,2910,"547,4226804",1807,1500,"796,5",,,,,"Aeration (primary), Grid sales (excess). No battery. Grid purchase occurs during deficits (implied, though NPV is positive so excess generation dominates).",
10.1016/j.egyr.2024.06.059,,,,,,,,,,,,,,,,,,,,,,,,,,,,,,,,,,,,,aquaculture,https://docs.google.com/spreadsheets/d/e/2PACX-1vSdqh15EIG4xIACOBaFtWbKamveCBj7QVPq2vkyVhjk0_F5mrrlRqMJROWCXXkKDr3aBzqA3GCNNHyt/pub?output=csv,28,A geographic information system-assisted techno-economic assessment framework for aquavoltaic systems in shrimp farming,"Aquavoltaic systems have garnered significant global interest as a solution to the land use conflicts posed by traditional photovoltaic (PV) systems while simultaneously offering benefits within the food–energy nexus. This study proposes a geographic information system (GIS)-assisted framework designed to determine the optimal techno-economic size and potential of aquavoltaic systems in shrimp farming. A GIS is employed to extract spatial information from shrimp ponds, including their locations and areas. Meteorological data pertinent to these locations are utilized as inputs for a PV-generation model. Additionally, optimal aerator operations, based on pond area and farmers’ expectations, are determined to create accurate load profiles. Two objectives are established: (1) to identify the optimal aquavoltaic system size considering different system configurations (grid-connected, grid-connected with battery energy storage [BES], and standalone with BES) and (2) to quantify the potential of aquavoltaic systems with varying pond coverage (10%, 20%, and 30%). The proposed framework is validated using real-world data from shrimp farming regions in Thailand. The results indicate that the grid-connected aquavoltaic system is the most preferable configuration, with installed PV capacities varying between 2.78 kWp and 144 kWp, and net present values (NPVs) ranging from –$12,728 to $2,627 per pond. In this configuration, only 2.6% of the pond area is utilized for PV installations. Furthermore, aquavoltaic systems with 30% coverage can significantly boost installed PV capacity by up to 1.32 MWp and the NPV by up to $2.31 billion, contributing to the district’s agricultural electricity consumption by approximately 25%. Remarkably, the results reveal that the proposed framework can enhance NPV by up to 4.41% compared to those of existing studies that do not consider spatial data and aerator requirements. This GIS-assisted framework offers a comprehensive and optimized strategy for implementing aquavoltaic systems in shrimp farming, highlighting substantial economic and sustainability benefits.",,,Bang Pakong District,,,,,,,,,,,,,,,,,,,,,,,,,,,,,Existing method NPV = 2.29 billion USD. Proposed method NPV = 2.31 billion USD. Improvement = +4.41%. Existing method does not account for on-site aeration load.,Pond,24470000,Pacific white shrimp Litopenaeus vannamei,7,Jinko Solar,Pontoon,1320,15,0,0,30%,26520,"0,5394360441",1807,1500,1980,,,,,"Grid sales (all PV generation), Grid purchase (all aeration energy). No direct PV-to-aeration path.",
10.1016/j.rineng.2024.102919,,,,,,,,,,,,,,,,,,,,,,,,,,,,,,,,,,,,,aquaculture,https://docs.google.com/spreadsheets/d/e/2PACX-1vSdqh15EIG4xIACOBaFtWbKamveCBj7QVPq2vkyVhjk0_F5mrrlRqMJROWCXXkKDr3aBzqA3GCNNHyt/pub?output=csv,29,Development and experimental performance evaluation of a small-scale aquavoltaic system for microalgae production,"The primary objective of this study is to develop a small aquavoltaic system and evaluate key parameters,
including dissolved oxygen (DO), pH, water temperature and dead zones in an open raceway pond to improve the
conditions for the production of microalgae while generating electricity. The key variable parameters examined
were the rotation speed of a paddle wheel at 10, 20 and 30 rpm, water depth at 15, 25 and 35 cm and response
time at 0.5, 1 and 1.5 h were evaluated during May 9–15, 2023. Response Surface Methodology (RSM) and
Central Composite Design (CCD) were used to optimize these parameters for acheiving DO levels suitable for
microalgae production. The findings showed that increasing the rotation speed of a paddlewheel at the appropriate water depth significantly influences the flow rate, thereby controling DO levels. A maximum DO value of
6.94 mg/l was achieved after 1 h at a water depth of 25 cm and the paddle wheel rotation speed of 20 rpm.
Increasing the rotation speed from 10 to 30 rpm resulted in DO values within the optimal range of 6–7 mg/l,
reducing dead zones from 21.05 % to 9.16 %. However, with a paddle wheel spinning at 10 rpm, DO decreased
below 5 mg/l with increasing water depth and minimal shading, with pH reaching a minimum of 6.8 ppm.
Addiotionally, the experiments revealed no significant difference in efficiency between modules installed in open
ponds and those installed on the ground over short time periods. The economic analysis indicated that spirulina
production costs are 7 % higher with the non-aquavoltaic system due to non-solar electricity use. Furtehrmore,
the cost of spirulina produced with the aquavoltaic system was 0.4975 USD/g at a 5 % interest rate and 0.331
USD/g at a 10 % interest rate in the fifth year. The current study underlines that aquavoltaics could have the
potential to further increase the production of microalgae and thus reduce production costs. This opens up
opportunities for long-term research leading to further optimization between energy production and environmental sustainability in aquaculture systems.",09.05.2023,15.05.2023,Tehran,,,,,,,,,,,,,,,,,,,,,,,,,,,,,"The system is an off-grid PV system (100Wp panel, 12V 60Ah battery) designed to power a paddle wheel in an open raceway pond for microalgae cultivation. The PV module is installed on a metal frame at 130cm height, not floating on water. Dead zones in the pond decreased from 21.05% to 9.16% when paddle wheel speed increased from 10 to 30 rpm. Optimal DO (6.841 mg/l) was achieved at 30 rpm, 31 cm water depth, 1.5h reaction time.",Pond,,Microalgae,,EU-M100,Elevated fixed-tilt on reinforced concrete columns,"0,1",36,0,,"91,05%",,,,2490,"0,249",2%,,,"Shading reduced water temperature by up to 5°C, preventing pH drops, maintaining pH 6.5-7.5, and helping control DO levels. Temperature difference between air and water increased from 1-3°C to 2-5°C.","This electricity is used to power the electrical equipment of the aquaculture facility. The primary energy end-use is the mechanical paddle wheel, which provides water mixing and circulation in the open raceway pond. This mixing prevents sedimentation of microalgae and helps control dissolved oxygen levels. The paddle wheel is driven by a DC motor with a gear ratio of 1:10 and a speed of 340 rpm, and its rotation speed is controlled using pulse width modulation (PWM). The system is completely off-grid and includes a 12 V battery with a capacity of 60 Ah and a 10 A charge controller. The annual electricity generation of the aquavoltaic module mounted above the pond was 249 kWh. The solar fraction reached 98.6%, meaning that nearly all of the facility's electricity demand is met by solar energy. Importantly, the article highlights an economic benefit: the production cost of Spirulina using this aquavoltaic system is 7% lower compared to a non-aquavoltaic system that uses non-solar electricity (i.e., grid electricity or fossil fuels). Other types of energy use, such as LED lighting or dedicated aeration systems, were not employed in this configuration.",
10.1016/j.aqrep.2025.102686,,,,,,,,,,,,,,,,,,,,,,,,,,,,,,,,,,,,,aquaculture,https://docs.google.com/spreadsheets/d/e/2PACX-1vSdqh15EIG4xIACOBaFtWbKamveCBj7QVPq2vkyVhjk0_F5mrrlRqMJROWCXXkKDr3aBzqA3GCNNHyt/pub?output=csv,30,Integrating photovoltaic with sea cucumber aquaculture: Environmental impacts and holothurian digestion and aestivation,"Aquavoltaics, which integrates solar power with aquaculture, offers a promising solution to land-use conflicts between food and energy production while aligning with sustainable development goals. Despite the burgeoning of aquavoltaics, the environmental impacts of photovoltaic (PV) in aquaculture remain poorly understood. We investigated annually the effects of PV on coastal pond environments and cultivated animals. Our results indicated that compared with non-PV pond (nPVP), light intensity in shaded areas of the PV pond (PVP) was significantly reduced by 80.5 ± 12.0 %, thereby water temperature decreased by 1.20 ± 1.25 °C. Plankton species composition showed no significant differences between the two groups. However, Pyrrophyta abundance increased significantly during spring, and zooplankton abundance was significantly reduced in PVP. Sea cucumbers digestive enzyme activities remained unaffected throughout the year. However, aestivation durations were shortened by 12 days in sub-adults and by 1 day in adults in PVP. Piecewise structural equation modeling revealed that light intensity negatively affected temperature, phytoplankton and organic matter (OM), while temperature and phytoplankton negatively affected zooplankton in PVP. Our study demonstrated that PV can effectively reduce water temperatures, enhance sea cucumbers growth by shortening aestivation durations, and have no impact on plankton compositions and sea cucumbers digestive physiology. However, the increased abundance of Pyrrophyta warrant further attention. These findings provide valuable insights into the sustainable development of integrating PV with sea cucumber aquaculture in coastal ponds.",01.03.2023,29.02.2024,Yellow River,,,,,,,,,,,,,,,,,,,,,,,,,,,,,"The study was conducted in ponds with a total installed capacity of 200 MWp covering 4.28 km². PV coverage was 40% of pond area. Panel height varies seasonally (minimum 1.5 m). No feed was applied. Stocking density approximately 4 t/hm². PV panels reduced light intensity by 80.5% in shaded areas, decreased water temperature, increased ice thickness in winter, decreased organic matter in sediments",Pond,200400,Apostichopus japonicus (Sea cucumber),"0,9",,Pontoon,200000,37,0,"1,5",40%,80160,"467,29",,,,,,"Temperature, dissolved oxygen (DO), pH, salinity, light intensity, nutrients (SiO3^2-, PO4^3-, NH4+, NO3-, NO2-), chlorophyll a, ice thickness","Reduced water temperature (by 1.20°C on average), shortened aestivation duration of sea cucumbers (by 12 days for sub-adults, 1 day for adults), increased Pyrrophyta abundance, reduced zooplankton abundance, no significant impact on digestive enzyme activities","The primary purpose of the system is renewable electricity generation through solar photovoltaic conversion, integrated with aquaculture in an aquavoltaic configuration. The article does not specify whether the generated electricity is used on-site, stored, or fed into the grid. Notably, while the on-site environmental monitoring system is described as ""powered by solar energy"" (likely via a separate small panel), the main 200 MWp PV installation is not reported to power any aquaculture equipment such as aeration systems, water circulation pumps, or LED lighting. No data is provided on annual energy output (MWh), specific yield (kWh/kWp), global horizontal irradiation (GHI), or performance gains compared to land-based PV systems. The energy use is therefore characterized solely as utility-scale solar power generation co-located with aquaculture, without active integration of PV-generated electricity into the aquaculture production processes themselves.",
10.1016/j.aqrep.2026.103678,,,,,,,,,,,,,,,,,,,,,,,,,,,,,,,,,,,,,aquaculture,https://docs.google.com/spreadsheets/d/e/2PACX-1vSdqh15EIG4xIACOBaFtWbKamveCBj7QVPq2vkyVhjk0_F5mrrlRqMJROWCXXkKDr3aBzqA3GCNNHyt/pub?output=csv,31,Photovoltaic coverage reshapes the bacterial communities and interaction networks in aquaculture ponds: Divergent responses between seawater and sediment,"The Fishery-Photovoltaic Complementarity (FPC), which integrates photovoltaic power generation with aquaculture, is a promising renewable energy solution that has gained increasing attention. However, the effects of these structural changes on the aquatic and sedimentary environment, as well as on prokaryotic communities, remain unclear. In the present study, the dynamics of bacterial communities and co-occurrence networks in both seawater and sediments were investigated across four different aquaculture ponds (with and without photovoltaic coverage). Results have shown that the photovoltaic (PV) coverage significantly reduced seawater temperature, salinity, and dissolved oxygen (DO), but enhancing nutrients (total organic carbon, TOC, total nitrogen, TN and total phosphorus, TP) accumulation in sediments. In seawater, both the composition and structure of bacterial communities were shaped by seasonal temperature variations rather than by the presence of PV. In contrast, in sediments, PV induced enhancement of nutrients significantly altered the bacterial communities, characterized by higher diversity, greater heterogeneity, and an increase in anaerobic bacteria such as Atribacteria and sulfate-reducing bacteria. Co-occurrence network analysis further revealed that photovoltaic shading induced distinct topological shifts in bacterial networks between seawater and sediments. The application of PV promoted the formation of modular associations among functionally related taxa, e.g., Alphaproteobacteria and Actinobacteria, resulting in decreased network connectivity and stability in seawater. In sediments, however, bacteria with diverse metabolic capabilities, e.g., Latescibacteria, Bacteroidetes, and Synergistetes, exhibited enhanced cooperative interactions, forming a more interconnected, tightly organized, and stable network structure. In summary, our present study demonstrates habitat-specific responses of bacterial communities, where the seawater communities were only affected by seasonal temperature, while sediment communities were directly reshaped by photovoltaic-induced nutrients enrichment. These findings provide critical insights for the ecological risk assessment and sustainable management of FPC, highlighting the importance of balancing renewable energy production with aquatic ecosystem health.",01.05.2023,31.03.2024,Shandong Province Wudi Lottery Citizens Association,,,,,,,,,,,,,,,,,,,,,,,,,,,,,"This study investigates ecological impacts of PV coverage on bacterial communities in shrimp aquaculture ponds. Three PV-covered ponds (P1: 42% coverage, 3 years operation with aquaculture; P2: 36% coverage, 3 years operation with aquaculture; P3: 42% coverage, 5 years operation without aquaculture) were compared to a control pond without PV. PV coverage significantly altered sediment bacterial communities (increased diversity, anaerobic bacteria enrichment) while seawater communities were primarily driven by seasonal temperature. Sediment networks showed higher connectivity and stability under PV, except for P2 which showed reduced stability due to intermediate stress. The study emphasizes monitoring sediment biogeochemistry and sulfide levels for sustainable FPC management.",Pond,,Litopenaeus vannamei (Pacific white shrimp),,,,,,,,42%,,,,,,,,"Temperature, pH, salinity, dissolved oxygen (DO), nitrate (NO3), nitrite (NO2), ammonium (NH4+), dissolved inorganic phosphorus (DIP), dissolved silicate (DSi), dissolved inorganic nitrogen (DIN), chlorophyll a (Chla)","PV shading reduced seawater temperature, salinity, and DO; decreased phytoplankton biomass (Chla); enhanced nutrient accumulation in sediments; promoted anaerobic bacteria (e.g., sulfate-reducing bacteria) that may produce toxic H2S affecting shrimp health",,
10.1016/j.aqrep.2026.103678,,,,,,,,,,,,,,,,,,,,,,,,,,,,,,,,,,,,,aquaculture,https://docs.google.com/spreadsheets/d/e/2PACX-1vSdqh15EIG4xIACOBaFtWbKamveCBj7QVPq2vkyVhjk0_F5mrrlRqMJROWCXXkKDr3aBzqA3GCNNHyt/pub?output=csv,32,Photovoltaic coverage reshapes the bacterial communities and interaction networks in aquaculture ponds: Divergent responses between seawater and sediment,"The Fishery-Photovoltaic Complementarity (FPC), which integrates photovoltaic power generation with aquaculture, is a promising renewable energy solution that has gained increasing attention. However, the effects of these structural changes on the aquatic and sedimentary environment, as well as on prokaryotic communities, remain unclear. In the present study, the dynamics of bacterial communities and co-occurrence networks in both seawater and sediments were investigated across four different aquaculture ponds (with and without photovoltaic coverage). Results have shown that the photovoltaic (PV) coverage significantly reduced seawater temperature, salinity, and dissolved oxygen (DO), but enhancing nutrients (total organic carbon, TOC, total nitrogen, TN and total phosphorus, TP) accumulation in sediments. In seawater, both the composition and structure of bacterial communities were shaped by seasonal temperature variations rather than by the presence of PV. In contrast, in sediments, PV induced enhancement of nutrients significantly altered the bacterial communities, characterized by higher diversity, greater heterogeneity, and an increase in anaerobic bacteria such as Atribacteria and sulfate-reducing bacteria. Co-occurrence network analysis further revealed that photovoltaic shading induced distinct topological shifts in bacterial networks between seawater and sediments. The application of PV promoted the formation of modular associations among functionally related taxa, e.g., Alphaproteobacteria and Actinobacteria, resulting in decreased network connectivity and stability in seawater. In sediments, however, bacteria with diverse metabolic capabilities, e.g., Latescibacteria, Bacteroidetes, and Synergistetes, exhibited enhanced cooperative interactions, forming a more interconnected, tightly organized, and stable network structure. In summary, our present study demonstrates habitat-specific responses of bacterial communities, where the seawater communities were only affected by seasonal temperature, while sediment communities were directly reshaped by photovoltaic-induced nutrients enrichment. These findings provide critical insights for the ecological risk assessment and sustainable management of FPC, highlighting the importance of balancing renewable energy production with aquatic ecosystem health.",01.05.2023,31.03.2024,Shandong Province Wudi Lottery Citizens Association,,,,,,,,,,,,,,,,,,,,,,,,,,,,,"This study investigates ecological impacts of PV coverage on bacterial communities in shrimp aquaculture ponds. Three PV-covered ponds (P1: 42% coverage, 3 years operation with aquaculture; P2: 36% coverage, 3 years operation with aquaculture; P3: 42% coverage, 5 years operation without aquaculture) were compared to a control pond without PV. PV coverage significantly altered sediment bacterial communities (increased diversity, anaerobic bacteria enrichment) while seawater communities were primarily driven by seasonal temperature. Sediment networks showed higher connectivity and stability under PV, except for P2 which showed reduced stability due to intermediate stress. The study emphasizes monitoring sediment biogeochemistry and sulfide levels for sustainable FPC management.",Pond,,Litopenaeus vannamei (Pacific white shrimp),,,,,,,,36%,,,,,,,,"Temperature, pH, salinity, dissolved oxygen (DO), nitrate (NO3), nitrite (NO2), ammonium (NH4+), dissolved inorganic phosphorus (DIP), dissolved silicate (DSi), dissolved inorganic nitrogen (DIN), chlorophyll a (Chla)","PV shading reduced seawater temperature, salinity, and DO; decreased phytoplankton biomass (Chla); enhanced nutrient accumulation in sediments; promoted anaerobic bacteria (e.g., sulfate-reducing bacteria) that may produce toxic H2S affecting shrimp health",,
10.1016/j.aqrep.2026.103678,,,,,,,,,,,,,,,,,,,,,,,,,,,,,,,,,,,,,aquaculture,https://docs.google.com/spreadsheets/d/e/2PACX-1vSdqh15EIG4xIACOBaFtWbKamveCBj7QVPq2vkyVhjk0_F5mrrlRqMJROWCXXkKDr3aBzqA3GCNNHyt/pub?output=csv,33,Photovoltaic coverage reshapes the bacterial communities and interaction networks in aquaculture ponds: Divergent responses between seawater and sediment,"The Fishery-Photovoltaic Complementarity (FPC), which integrates photovoltaic power generation with aquaculture, is a promising renewable energy solution that has gained increasing attention. However, the effects of these structural changes on the aquatic and sedimentary environment, as well as on prokaryotic communities, remain unclear. In the present study, the dynamics of bacterial communities and co-occurrence networks in both seawater and sediments were investigated across four different aquaculture ponds (with and without photovoltaic coverage). Results have shown that the photovoltaic (PV) coverage significantly reduced seawater temperature, salinity, and dissolved oxygen (DO), but enhancing nutrients (total organic carbon, TOC, total nitrogen, TN and total phosphorus, TP) accumulation in sediments. In seawater, both the composition and structure of bacterial communities were shaped by seasonal temperature variations rather than by the presence of PV. In contrast, in sediments, PV induced enhancement of nutrients significantly altered the bacterial communities, characterized by higher diversity, greater heterogeneity, and an increase in anaerobic bacteria such as Atribacteria and sulfate-reducing bacteria. Co-occurrence network analysis further revealed that photovoltaic shading induced distinct topological shifts in bacterial networks between seawater and sediments. The application of PV promoted the formation of modular associations among functionally related taxa, e.g., Alphaproteobacteria and Actinobacteria, resulting in decreased network connectivity and stability in seawater. In sediments, however, bacteria with diverse metabolic capabilities, e.g., Latescibacteria, Bacteroidetes, and Synergistetes, exhibited enhanced cooperative interactions, forming a more interconnected, tightly organized, and stable network structure. In summary, our present study demonstrates habitat-specific responses of bacterial communities, where the seawater communities were only affected by seasonal temperature, while sediment communities were directly reshaped by photovoltaic-induced nutrients enrichment. These findings provide critical insights for the ecological risk assessment and sustainable management of FPC, highlighting the importance of balancing renewable energy production with aquatic ecosystem health.",01.05.2023,31.03.2024,Shandong Province Wudi Lottery Citizens Association,,,,,,,,,,,,,,,,,,,,,,,,,,,,,"This study investigates ecological impacts of PV coverage on bacterial communities in shrimp aquaculture ponds. Three PV-covered ponds (P1: 42% coverage, 3 years operation with aquaculture; P2: 36% coverage, 3 years operation with aquaculture; P3: 42% coverage, 5 years operation without aquaculture) were compared to a control pond without PV. PV coverage significantly altered sediment bacterial communities (increased diversity, anaerobic bacteria enrichment) while seawater communities were primarily driven by seasonal temperature. Sediment networks showed higher connectivity and stability under PV, except for P2 which showed reduced stability due to intermediate stress. The study emphasizes monitoring sediment biogeochemistry and sulfide levels for sustainable FPC management.",Pond,,Litopenaeus vannamei (Pacific white shrimp),,,,,,,,42%,,,,,,,,"Temperature, pH, salinity, dissolved oxygen (DO), nitrate (NO3), nitrite (NO2), ammonium (NH4+), dissolved inorganic phosphorus (DIP), dissolved silicate (DSi), dissolved inorganic nitrogen (DIN), chlorophyll a (Chla)","PV shading reduced seawater temperature, salinity, and DO; decreased phytoplankton biomass (Chla); enhanced nutrient accumulation in sediments; promoted anaerobic bacteria (e.g., sulfate-reducing bacteria) that may produce toxic H2S affecting shrimp health",,
10.1016/j.rser.2025.116021,,,,,,,,,,,,,,,,,,,,,,,,,,,,,,,,,,,,,aquaculture,https://docs.google.com/spreadsheets/d/e/2PACX-1vSdqh15EIG4xIACOBaFtWbKamveCBj7QVPq2vkyVhjk0_F5mrrlRqMJROWCXXkKDr3aBzqA3GCNNHyt/pub?output=csv,34,Additional value of non-electricity generating services (co-benefits) provided by non-conventional dual use solar photovoltaic systems: A PRISMA review,"Solar photovoltaic (PV) systems play a pivotal role in the global transition to renewable energy, providing decentralized energy generation and socio-economic advantages. The land-use intensity of conventional PV, however, has led to growing interest in non-conventional systems such as floating PV (FPV), building-integrated PV (BIPV), agrivoltaics, PV carports, and grid-support applications. These alternatives offer additional non-electricity generation-related benefits, often overlooked by the prevailing evaluation metric in energy systems, the levelized cost of electricity (LCOE). While LCOE remains the dominant tool for assessing PV economics due to its simplicity, it fails to account for these non-electricity-related co-benefits, leading to an undervaluation of emerging PV technologies. To address this gap, a systematic review of 261 peer-reviewed articles was conducted using the Preferred Reporting Items for Systematic Reviews and Meta-Analyses (PRISMA) methodology. Thirteen categories of additional benefits were identified, with greenhouse gas emissions reduction (42.5 %) and water loss reduction (38.7 %) being the most frequently cited. Most studies, however, lacked a quantitative framework for integrating these benefits into overall PV economic evaluations. As a result, evaluation methods were discussed for each of these benefit categories, creating the foundation for a comprehensive framework that would evaluate non-conventional PV benefits. Additionally, significant inconsistencies in reporting critical PV attributes were identified, with only 25 % of studies reporting efficiency and 53 % specifying power ratings, making evaluation of PV co-benefits challenging. To address these shortcomings, this study proposes a standardized PV Nameplate Data table for academic PV studies encompassing key parameters such as location, module technology, efficiency, lifetime, power rating, and energy generation. Furthermore, the review underscores the necessity of developing open-source tools to systematically evaluate PV benefits; thereby enabling robust systems comparison, establishing comprehensive evaluation methodologies, improving system design, and informing policymakers’ decisions.",,,,,,,,,,,,,,,,,,,,,,,,,,,,,,,,"This article is a review, not a description of a specific project. All numerical data are provided as examples from cited studies (e.g., a study from China). Standardized reporting (PV Nameplate Data) is proposed.",Pond,,Fish,"0,41",,Thin-film floating,,,,0,75%,,,,,,,,"Referred to as Water quality improvement, this includes lowering water temperature, improving clarity, and reducing algae growth.",A positive effect on fish production in shaded ponds is mentioned,"The primary energy use highlighted across all non-conventional PV systems, including floating PV (FPV) and agrivoltaics, is grid-connected electricity generation for decentralized power supply and self-consumption. Specifically, the review mentions that PV carports supply electricity directly for electric vehicle (EV) charging (Section 4.1.2), reducing charging costs when power is fed directly into the vehicles. Additionally, FPV systems are explicitly noted for powering water pumping applications, particularly in water-stressed regions for irrigation or water supply purposes (Section 4.1.3, referencing study [141]). In the context of grid-support applications, PV systems provide ancillary energy services such as frequency support and voltage regulation to stabilize the electrical grid, as well as reducing transmission and distribution line losses (Section 4.1.8). The review also acknowledges that agrivoltaic systems can generate energy to support agricultural operations, though specific end-uses like aeration or feeding systems for aquaculture are not detailed. Overall, while the article extensively discusses electricity generation as the primary output, the only clearly specified direct end-uses are EV charging, water pumping, and grid ancillary services, with aquaculture applications mentioned conceptually but without detailed energy-use breakdowns",1
