study_id,source_row,crop,reviewed,coverage,height,air_temperature_delta_c,soil_temperature_delta_c,et_reduction_pct
10.1016/j.renene.2011.03.005,2,Пшеница,False,0.59,4.0,,,
10.1016/j.renene.2011.03.006,3,Пшеница,False,0.295,4.0,,,
10.1016/j.eja.2012.08.003,4,Салат-латук,False,0.59,4.0,,,
10.1016/j.eja.2012.08.003,5,Салат-латук,False,0.59,4.0,,,
10.1016/j.eja.2012.08.003,6,Салат-латук,False,0.295,4.0,,,
10.1016/j.eja.2012.08.003,7,Салат-латук,False,0.295,4.0,,,
10.1016/j.rser.2015.10.024,8,Салат-латук,False,,1.0,,,
10.1016/j.rser.2015.10.024,9,Салат-латук,False,,4.0,,,
10.1016/j.rser.2015.10.024,10,Салат-латук,False,,4.0,,,
10.1016/j.rser.2015.10.024,11,Салат-латук,False,,4.0,,,
10.1016/j.rser.2015.10.024,12,Салат-латук,False,,4.0,,,
10.3390/su13052850,13,Томат Solanum lycopersicon,False,,0.8,,,
10.52825/agripv.v3i.1396,20,Картофель,False,,2.1,,,
10.1016/j.rser.2024.114515,21,Груша,False,,4.6,,,
10.1016/j.rser.2024.114515,22,Свекла,False,,0.6,,,
10.1016/j.rser.2024.114515,23,Свекла,False,,2.3,,,
10.1016/j.rser.2024.114515,24,Пшеница,False,0.3,5.0,,,
10.1016/j.rser.2024.114515,25,Салат-латук,False,,4.0,,,
10.1016/j.rser.2024.114515,26,Перец Чильтепин,False,,3.3,,,
10.1016/j.rser.2024.114515,27,Халапеньо,False,,3.3,,,
10.1016/j.rser.2024.114515,28,Томат,False,,3.3,,,
10.1016/j.rser.2024.114515,29,Томат,False,0.37,,,,
10.1016/j.rser.2024.114515,30,Пшеница,False,,5.0,,,
10.1016/j.rser.2024.114515,31,Картофель,False,,5.0,,,
10.1016/j.rser.2024.114515,32,Сельдерей,False,,5.0,,,
10.1016/j.rser.2024.114515,33,Клевер,False,,5.0,,,
10.1016/j.rser.2024.114515,34,Малина,False,,,,,
10.1016/j.heliyon.2023.e17824,35,Рис BRRI-33,False,,4.0,,,
10.3390/en12132589,36,Томат,False,,,,,
10.3390/en12132589,37,Салат-латук,False,,,,,
10.3390/en12132589,38,Руккола,False,,,,,
10.3390/en12132589,39,Лук-батун,False,,,,,
10.52825/agripv.v3i.1403,40,Кабачок,False,,1.52,,,
10.52825/agripv.v3i.1403,41,Кабачок,False,,2.44,,,
10.52825/agripv.v3i.1403,42,Кабачок,False,,0.762,,,
10.52825/agripv.v3i.1403,43,Кабачок,False,,1.68,,,
10.52825/agripv.v3i.1403,44,Брокколи,False,,,,,
10.52825/agripv.v3i.1403,45,Сладкий перец,False,,,,,
10.52825/agripv.v3i.1403,46,Малина без шипов,False,,,,,
10.52825/agripv.v3i.1403,47,Нейтрально-дневная клубника,False,,,,,
10.52825/agripv.v3i.1403,48,Смеси трав и медоносных растений,False,,,,,
10.52825/agripv.v3i.1356,49,Арахис IAC-385,False,,1.5,,,
10.52825/agripv.v1i.632,50,Конские бобы Tiffany,False,,4.3,,,
10.52825/agripv.v1i.632,51,Конские бобы Tiffany,False,,5.75,,,
10.52825/agripv.v1i.607,52,Перец Bola,False,,,,,
10.52825/agripv.v1i.607,53,Алоэ вера,False,,,,,
10.52825/agripv.v1i.607,54,Тимьян,False,,,,,
10.1016/j.seta.2017.08.004,55,Виноград,False,,,,,
10.1016/j.apenergy.2023.121130,56,Салат-латук,False,,3.8,,,
10.1016/j.apenergy.2023.121130,57,Салат-латук,False,,3.8,,,
10.1016/j.apenergy.2023.121130,58,Виноград,False,,3.8,,,
10.1016/j.apenergy.2023.121130,59,Виноград,False,,3.8,,,
10.1016/j.apenergy.2023.121130,60,Салат-латук,False,,3.8,,,
10.1016/j.apenergy.2023.121130,61,Салат-латук,False,,3.8,,,
10.1016/j.apenergy.2023.121130,62,Виноград,False,,3.8,,,
10.1016/j.apenergy.2023.121130,63,Виноград,False,,3.8,,,
10.1016/j.apenergy.2023.121130,64,Салат-латук,False,,3.8,,,
10.1016/j.apenergy.2023.121130,65,Салат-латук,False,,3.8,,,
10.1016/j.apenergy.2023.121130,66,Виноград,False,,3.8,,,
10.1016/j.apenergy.2023.121130,67,Виноград,False,,3.8,,,
10.1016/j.apenergy.2023.121130,68,Салат-латук,False,,3.8,,,
10.1016/j.apenergy.2023.121130,69,Салат-латук,False,,3.8,,,
10.1016/j.apenergy.2023.121130,70,Виноград,False,,3.8,,,
10.1016/j.apenergy.2023.121130,71,Виноград,False,,3.8,,,
10.1016/j.apenergy.2023.121130,72,Салат-латук,False,,3.8,,,
10.1016/j.apenergy.2023.121130,73,Салат-латук,False,,3.8,,,
10.1016/j.apenergy.2023.121130,74,Виноград,False,,3.8,,,
10.1016/j.apenergy.2023.121130,75,Виноград,False,,3.8,,,
10.1007/s13593-021-00714-y,76,Озимая пшеница,False,,5.0,,,
10.1007/s13593-021-00714-y,77,Озимая пшеница,False,,5.0,,,
10.1007/s13593-021-00714-y,78,Картофель,False,,5.0,,,
10.1007/s13593-021-00714-y,79,Картофель,False,,5.0,,,
10.1007/s13593-021-00714-y,80,Травяно-клеверная смесь,False,,5.0,,,
10.1007/s13593-021-00714-y,81,Травяно-клеверная смесь,False,,5.0,,,
10.3390/agronomy12061415,82,Брокколи,False,,3.5,,,
10.3390/agronomy12061415,83,Брокколи,False,,3.5,,,
10.52825/agripv.v3i.1361,84,Озимая пшеница,False,,,,,
10.52825/agripv.v3i.1361,85,Яровой ячмень,False,,,,,
10.52825/agripv.v3i.1361,86,Рапс,False,,,,,
10.52825/agripv.v3i.1361,87,Озимая пшеница,False,,,,,
10.52825/agripv.v3i.1361,88,Яровой ячмень,False,,,,,
10.52825/agripv.v3i.1361,89,Рапс,False,,,,,
10.52825/agripv.v3i.1406,90,Тимофеевка луговая,False,,0.5,,,
10.1111/ppl.14081,91,Озимая пшеница,False,,5.0,,,
10.3390/en13184815,92,Виноград,False,,2.0,,,
10.3390/en13184815,93,Виноград,False,,2.0,,,
10.3390/en13184815,94,Виноград,False,,2.0,,,
10.1016/j.renene.2023.05.077,95,Мискантус,False,,,,,
10.1016/j.dib.2024.110990,96,Ячмень Дракон,False,,,,,
10.1016/j.cles.2025.100174,97,Томат,False,,1.725,,,
10.1016/j.cles.2025.100174,98,Баклажан,False,,1.725,,,
10.1016/j.cles.2025.100174,99,Зеленый перец,False,,1.725,,,
10.1016/j.cles.2025.100174,100,Салат-латук,False,,1.725,,,
10.1016/j.cles.2025.100174,101,Алоэ вера,False,,1.725,,,
10.1016/j.rineng.2025.105278,102,Томат,False,,4.1,,,
10.1016/j.rineng.2025.105278,103,Болгарский перец,False,,4.1,,,
10.1002/fes3.70110,104,Салат-латук,False,,,,,
10.1016/j.heliyon.2022.e08877,105,Чили перец,False,0.195,4.0,,,
10.52825/agripv.v1i.588,106,Батат,False,0.32,,,,
10.52825/agripv.v1i.588,107,Батат,False,0.32,,,,
10.52825/agripv.v2i.1033,108,Базилик,False,0.42,3.9,-0.2,-2.83,31.0
10.52825/agripv.v3i.1405,109,Малина,False,0.46,4.5,-1.8,-5.0,41.0
10.3390/app14073095,110,Томат,False,,,-6.0,-7.6,
10.52825/agripv.v3i.1393,111,Озимая пшеница,False,,0.2,,,
10.52825/agripv.v3i.1393,112,Озимая пшеница,False,,0.2,,,
10.52825/agripv.v3i.1393,113,Озимая пшеница,False,,0.2,,,
