study_id,crop_name,source_row,reviewed,relative_yield_pct,coverage,height
10.1016/j.renene.2011.03.005,Пшеница,2,False,73.0,0.59,4.0
10.1016/j.renene.2011.03.006,Пшеница,3,False,83.0,0.295,4.0
10.1016/j.eja.2012.08.003,Салат-латук,4,False,58.0,0.59,4.0
10.1016/j.eja.2012.08.003,Салат-латук,5,False,79.0,0.59,4.0
10.1016/j.eja.2012.08.003,Салат-латук,6,False,81.0,0.295,4.0
10.1016/j.eja.2012.08.003,Салат-латук,7,False,99.0,0.295,4.0
10.1016/j.rser.2015.10.024,Салат-латук,8,False,0.0,,1.0
10.1016/j.rser.2015.10.024,Салат-латук,9,False,58.0,,4.0
10.1016/j.rser.2015.10.024,Салат-латук,10,False,81.0,,4.0
10.1016/j.rser.2015.10.024,Салат-латук,11,False,79.0,,4.0
10.1016/j.rser.2015.10.024,Салат-латук,12,False,99.0,,4.0
10.3390/su13052850,Томат Solanum lycopersicon,13,False,38.0,,0.8
10.52825/agripv.v3i.1396,Картофель,20,False,90.0,,2.1
10.1016/j.rser.2024.114515,Груша,21,False,83.4,,4.6
10.1016/j.rser.2024.114515,Свекла,22,False,100.0,,0.6
10.1016/j.rser.2024.114515,Свекла,23,False,90.0,,2.3
10.1016/j.rser.2024.114515,Пшеница,24,False,66.0,0.3,5.0
10.1016/j.rser.2024.114515,Салат-латук,25,False,80.0,,4.0
10.1016/j.rser.2024.114515,Перец Чильтепин,26,False,200.0,,3.3
10.1016/j.rser.2024.114515,Халапеньо,27,False,100.0,,3.3
10.1016/j.rser.2024.114515,Томат,28,False,100.0,,3.3
10.1016/j.rser.2024.114515,Томат,29,False,136.0,0.37,
10.1016/j.rser.2024.114515,Пшеница,30,False,80.0,,5.0
10.1016/j.rser.2024.114515,Картофель,31,False,80.0,,5.0
10.1016/j.rser.2024.114515,Сельдерей,32,False,80.0,,5.0
10.1016/j.rser.2024.114515,Клевер,33,False,80.0,,5.0
10.1016/j.rser.2024.114515,Малина,34,False,95.0,,
10.1016/j.heliyon.2023.e17824,Рис BRRI-33,35,False,102.0,,4.0
10.3390/en12132589,Томат,36,False,,,
10.3390/en12132589,Салат-латук,37,False,,,
10.3390/en12132589,Руккола,38,False,,,
10.3390/en12132589,Лук-батун,39,False,,,
10.52825/agripv.v3i.1403,Кабачок,40,False,128.0,,1.52
10.52825/agripv.v3i.1403,Кабачок,41,False,128.0,,2.44
10.52825/agripv.v3i.1403,Кабачок,42,False,128.0,,0.762
10.52825/agripv.v3i.1403,Кабачок,43,False,128.0,,1.68
10.52825/agripv.v3i.1403,Брокколи,44,False,,,
10.52825/agripv.v3i.1403,Сладкий перец,45,False,,,
10.52825/agripv.v3i.1403,Малина без шипов,46,False,,,
10.52825/agripv.v3i.1403,Нейтрально-дневная клубника,47,False,,,
10.52825/agripv.v3i.1403,Смеси трав и медоносных растений,48,False,,,
10.52825/agripv.v3i.1356,Арахис IAC-385,49,False,76.45,,1.5
10.52825/agripv.v1i.632,Конские бобы Tiffany,50,False,,,4.3
10.52825/agripv.v1i.632,Конские бобы Tiffany,51,False,,,5.75
10.52825/agripv.v1i.607,Перец Bola,52,False,160.0,,
10.52825/agripv.v1i.607,Алоэ вера,53,False,130.0,,
10.52825/agripv.v1i.607,Тимьян,54,False,120.0,,
10.1016/j.seta.2017.08.004,Виноград,55,False,100.0,,
10.1016/j.apenergy.2023.121130,Салат-латук,56,False,80.0,,3.8
10.1016/j.apenergy.2023.121130,Салат-латук,57,False,80.0,,3.8
10.1016/j.apenergy.2023.121130,Виноград,58,False,80.0,,3.8
10.1016/j.apenergy.2023.121130,Виноград,59,False,80.0,,3.8
10.1016/j.apenergy.2023.121130,Салат-латук,60,False,80.0,,3.8
10.1016/j.apenergy.2023.121130,Салат-латук,61,False,80.0,,3.8
10.1016/j.apenergy.2023.121130,Виноград,62,False,80.0,,3.8
10.1016/j.apenergy.2023.121130,Виноград,63,False,80.0,,3.8
10.1016/j.apenergy.2023.121130,Салат-латук,64,False,80.0,,3.8
10.1016/j.apenergy.2023.121130,Салат-латук,65,False,80.0,,3.8
10.1016/j.apenergy.2023.121130,Виноград,66,False,80.0,,3.8
10.1016/j.apenergy.2023.121130,Виноград,67,False,80.0,,3.8
10.1016/j.apenergy.2023.121130,Салат-латук,68,False,80.0,,3.8
10.1016/j.apenergy.2023.121130,Салат-латук,69,False,80.0,,3.8
10.1016/j.apenergy.2023.121130,Виноград,70,False,80.0,,3.8
10.1016/j.apenergy.2023.121130,Виноград,71,False,80.0,,3.8
10.1016/j.apenergy.2023.121130,Салат-латук,72,False,80.0,,3.8
10.1016/j.apenergy.2023.121130,Салат-латук,73,False,80.0,,3.8
10.1016/j.apenergy.2023.121130,Виноград,74,False,80.0,,3.8
10.1016/j.apenergy.2023.121130,Виноград,75,False,80.0,,3.8
10.1007/s13593-021-00714-y,Озимая пшеница,76,False,81.3,,5.0
10.1007/s13593-021-00714-y,Озимая пшеница,77,False,102.7,,5.0
10.1007/s13593-021-00714-y,Картофель,78,False,81.8,,5.0
10.1007/s13593-021-00714-y,Картофель,79,False,111.0,,5.0
10.1007/s13593-021-00714-y,Травяно-клеверная смесь,80,False,94.7,,5.0
10.1007/s13593-021-00714-y,Травяно-клеверная смесь,81,False,92.2,,5.0
10.3390/agronomy12061415,Брокколи,82,False,91.0,,3.5
10.3390/agronomy12061415,Брокколи,83,False,84.0,,3.5
10.52825/agripv.v3i.1361,Озимая пшеница,84,False,94.0,,
10.52825/agripv.v3i.1361,Яровой ячмень,85,False,80.0,,
10.52825/agripv.v3i.1361,Рапс,86,False,90.0,,
10.52825/agripv.v3i.1361,Озимая пшеница,87,False,84.0,,
10.52825/agripv.v3i.1361,Яровой ячмень,88,False,61.0,,
10.52825/agripv.v3i.1361,Рапс,89,False,76.0,,
10.52825/agripv.v3i.1406,Тимофеевка луговая,90,False,100.0,,0.5
10.1111/ppl.14081,Озимая пшеница,91,False,90.0,,5.0
10.3390/en13184815,Виноград,92,False,100.0,,2.0
10.3390/en13184815,Виноград,93,False,100.0,,2.0
10.3390/en13184815,Виноград,94,False,100.0,,2.0
10.1016/j.renene.2023.05.077,Мискантус,95,False,90.0,,
10.1016/j.dib.2024.110990,Ячмень Дракон,96,False,132.0,,
10.1016/j.cles.2025.100174,Томат,97,False,100.0,,1.725
10.1016/j.cles.2025.100174,Баклажан,98,False,233.0,,1.725
10.1016/j.cles.2025.100174,Зеленый перец,99,False,400.0,,1.725
10.1016/j.cles.2025.100174,Салат-латук,100,False,111.0,,1.725
10.1016/j.cles.2025.100174,Алоэ вера,101,False,227.0,,1.725
10.1016/j.rineng.2025.105278,Томат,102,False,74.0,,4.1
10.1016/j.rineng.2025.105278,Болгарский перец,103,False,71.0,,4.1
10.1002/fes3.70110,Салат-латук,104,False,90.0,,
10.1016/j.heliyon.2022.e08877,Чили перец,105,False,114.0,0.195,4.0
10.52825/agripv.v1i.588,Батат,106,False,131.4,0.32,
10.52825/agripv.v1i.588,Батат,107,False,127.89,0.32,
10.52825/agripv.v2i.1033,Базилик,108,False,,0.42,3.9
10.52825/agripv.v3i.1405,Малина,109,False,132.0,0.46,4.5
10.3390/app14073095,Томат,110,False,94.0,,
10.52825/agripv.v3i.1393,Озимая пшеница,111,False,100.0,,0.2
10.52825/agripv.v3i.1393,Озимая пшеница,112,False,100.0,,0.2
10.52825/agripv.v3i.1393,Озимая пшеница,113,False,100.0,,0.2
